CustomerID,Gender,Age,Annual_Income_k,Spending_Score
1,Male,61,18,31
2,Male,39,93,11
3,Male,22,26,63
4,Male,32,120,87
5,Male,41,100,94
6,Female,36,108,91
7,Male,38,91,84
8,Male,50,25,23
9,Male,28,65,54
10,Male,56,35,34
11,Female,25,24,84
12,Male,65,37,29
13,Female,29,89,89
14,Male,27,38,76
15,Male,45,93,33
16,Male,38,103,98
17,Female,53,26,25
18,Male,36,94,100
19,Male,37,99,17
20,Female,43,88,20
21,Male,28,62,57
22,Male,41,92,98
23,Male,28,101,93
24,Male,27,72,46
25,Female,48,99,8
26,Male,52,23,24
27,Female,37,29,80
28,Female,62,34,20
29,Male,38,111,95
30,Male,31,64,72
31,Female,24,33,84
32,Female,36,96,88
33,Male,55,75,13
34,Female,28,101,90
35,Female,31,59,48
36,Female,25,62,57
37,Male,33,101,100
38,Male,26,52,64
39,Female,56,29,28
40,Male,55,20,24
41,Female,18,15,89
42,Male,29,91,92
43,Male,35,98,82
44,Female,21,15,80
45,Male,33,55,61
46,Male,35,55,47
47,Male,26,63,45
48,Female,38,82,27
49,Male,48,97,28
50,Female,21,61,51
51,Female,38,53,47
52,Male,39,96,90
53,Female,31,58,52
54,Female,28,104,90
55,Male,54,92,20
56,Female,27,15,83
57,Male,23,20,75
58,Male,55,27,29
59,Male,31,50,63
60,Male,53,37,19
61,Male,18,34,73
62,Female,28,17,87
63,Male,48,50,43
64,Male,50,90,27
65,Male,21,56,47
66,Female,39,57,54
67,Male,31,103,94
68,Female,53,31,25
69,Female,24,96,27
70,Male,51,19,24
71,Female,50,28,28
72,Male,22,50,37
73,Male,37,43,44
74,Female,54,20,27
75,Male,23,24,88
76,Female,51,34,32
77,Female,62,23,25
78,Female,47,80,34
79,Male,33,104,76
80,Male,18,29,81
81,Male,27,66,52
82,Female,33,90,81
83,Male,21,30,75
84,Male,34,93,82
85,Female,51,84,17
86,Male,47,95,48
87,Female,47,87,26
88,Male,57,17,26
89,Female,48,19,38
90,Female,33,67,61
91,Male,44,99,92
92,Female,19,25,69
93,Female,45,93,22
94,Female,27,21,77
95,Female,25,17,70
96,Male,46,88,19
97,Male,47,97,19
98,Male,29,104,98
99,Female,37,51,50
100,Female,25,92,84
